{
  "project_info": {
    "project_number": "997680031103",
    "firebase_url": "https://smarthome-b0206-default-rtdb.firebaseio.com",
    "project_id": "smarthome-b0206",
    "storage_bucket": "smarthome-b0206.appspot.com"
  },
  "client": [
    {
      "client_info": {
        "mobilesdk_app_id": "1:997680031103:android:1726ffe7250183cf90264a",
        "android_client_info": {
          "package_name": "com.quintus.labs.smarthome"
        }
      },
      "oauth_client": [
        {
          "client_id": "997680031103-gd6g3st5c2gnh0fmpn5tgu2c3laptg9r.apps.googleusercontent.com",
          "client_type": 3
        }
      ],
      "api_key": [
        {
          "current_key": "AIzaSyD4mvvLuf-iFWYV4auxQW4zW5X72zIalkM"
        }
      ],
      "services": {
        "appinvite_service": {
          "other_platform_oauth_client": [
            {
              "client_id": "997680031103-gd6g3st5c2gnh0fmpn5tgu2c3laptg9r.apps.googleusercontent.com",
              "client_type": 3
            }
          ]
        }
      }
    }
  ],
  "configuration_version": "1"
}